,full_text,username
0,belajar agama kok berdasarkan tulisan di google. bahkan km sendiri aja gak tahu itu hadist apa ayat di Al-Qur'an.hati2 ngetwit kekerasan apalagi itu menyangkut nyawa manusia. apakah kamu pernah dengar ustad ngomong bunuh lgbt? ngeri loh itu,egalistia11
1,"@utdfocusid @bliblidotcom Ada morton, yg dipanggil maino. Mampus lah bengak sih",Mershiseptieme
2,"@utdfocusid @bliblidotcom Ya gimana bego bener, ada elliot yg dipanggil raspot ğŸ˜‚",Mershiseptieme
3,@Icad4U Pake parfum wanginya sama = fix beneran LGBT ğŸ—¿,perwanta3241
4,"Puas ya kalo ngobrol sm orang yang selalu melihat suatu issue berdasarkan sudut pandang keilmuan, apalagi sensitive topics semacam lgbt. Sampai ujungnya lari ke teori sigmund freud ID, Ego, Superego.  3 jam adu argument tanpa jeda juga ok.",mpraspberry
5,LGBT  Lee min hoo G-dragon Bang chan Taehyung,Awan_one010
6,@thesharktattooo Dasar lgbt gerakan terrorist-Putin,yusoffetih
7,"@hepi_hepi_hepi_ @TxtdariHI Lu yang aneh LGBT aja dah jeleg jelasÂ² gender itu ada 2 cewek dan cowok,di LGBT masak cowok bisa ngaku jadi cewek menang lia Thomas lagi memang kaum kek gitu caper mengganggu lagi ewhhh",DaviSama2661
8,"tl rame bgt sama homophobic dan per lgbt an, jadi inget dulu sebelum jadi fjkt gue sempet jadi fangirl nya Twice DANNNN sampe dikatain lesbi karena lebih ngefangirl Girl group ketimbang boy group wkwk LAH MANG NAPA SI KAN YG NGE FANGIRL GUE BUKAN ELO RIBET BANGET LO BIJI KURMA",globural
9,@SGboy100 @multabolot lgbt diam aja tolol,gemersgantenk
10,"@diaryhijrah08 Tahun lalu ada banyak musibah gempa dan banjir, yang disalahin LGBT. Kalo tahun ini ada musibahÂ² itu yang disalahin Prabowo atau jokowi",TaufiqMuhammad0
11,Paling benci sm bencong atau crossdresser yg udh melewati batas kek gini. Mau lo udh operasi jg fitrah lo dr rahim emak lo itu tetap laki. Mau seluruh kaum lgbt ngakuin lo cewe ya tetap aja solat di shaf cowok bukan cewek. Ke wc cowok. Dah gila.,ragnalagnia
12,stop konyol lgbt @310804_ @Cinnamoero,JkSaranghae1907
13,@imdeein LGBT tidak berkata kasar kawanğŸ˜‡,parwezzyy
14,nih LGBT https://t.co/v6fhIX7qBQ,lenantheajubu
15,"@PartaiSocmed Gue kasih paham, walau khomer di dapat bukan hasil mencuri melainkan membeli, tidak akan menjadikan khomer itu menjadi halal.  Catat di akalmu, klo kmu memang berakal.  Begitu juga starbak yng dominan penyumbang zion dan lgbt",dirgan_silvana
16,@Icad4U lgbt : lontong gemblong bakwan tahuğŸ¥°,Rixxzyz
17,@sidneyalesandra Wah lucu banget kalo misalnya gitu alasannya soalnya beberapa reviewer ini tampak progresif sama isu lgbt dan mereka suka CMBYN,magentaflakez
18,"@PartaiSocmed Ngomong apa?? Membuat perbandingan yng baik dengan yng buruk, bumi Alloh itu luas, begitu rejekinya.  Yng harus di pertanyakan kenapa seorang muslim yng hususnya sadar kenapa bekerja di tempat penyumbang zionis dan lgbt.",dirgan_silvana
19,@Icad4U kalo samaan sama lawan jenis lgbt juga ga?ğŸ˜­,asheliaaddict
20,"Kalo liat orang lain pakai baju couple dih lgbt, cuihh"" sedangkan kalau greshan pakai baju couple ""ihh cocok banget sih ğŸ¥°""""",AufaGhazian
21,"Stres emang kalo orang dah terpengaruh gara  sering liat au lgbt""",brz381
22,baru tau kalo baju samaan disebut lgbt.,kaizyy
23,yess browh i'm 100% LGBTğŸ‘ŠğŸ˜  Lelaki Ganteng Bertaqwa kepada Tuhan,parwezzyy
24,"@lANZAlNAL Dimana ada isu melayu, disitulah adanya Diya si gemuk hitam berkerak yang nak jadi champ untuk races issue. Mesti dia join lgbt movement sebab takde laki nak kat dia yang tak semenggah tu. Boleh lahh bagi kahwin dengan si azmer liberty.",yeen_lyy
25,"@lamabenerdah benerr, tpi si caseey itu support lgbt, suka nonton homo, dia bawa agama tpi gtuğŸ˜”ğŸ˜­ğŸ˜­",mumuuchann
26,"kalo reply soal agama saranku research dlu. Di Al-Quran tidak ada hadits soal orang LGBT langsung dibunuh.  Dalam Hadits, Ibnu Abbas RA pun menjelaskan Bahwa yang dibunuh adalah yang sudah melakukan perbuatan sodomi.  Mending dibaca Surat Al-Buruj: 10 tentang Fitnah https://t.co/jK3tdoRETC",galonberkahh
27,LGBT  Lagi Gabut Bisa Tadarus,minkesupremacy
28,LGBT  Lelaki Ganteng Berjualan Tahu,broccazo
29,"@Icad4U Dompetnya sama Sepatunya sama Saldo di rekeningnya sama  Memang benar, kita tuh disatukan karena perbedaan  Kalau persamaan mulu pasti dikiranya lgbt",_48DEE
30,@midbangetdah Bekasi juga. Soalnya ak di bekasi dan kalau ada lgbt ak lgs pindah hhe,DolceLatteCihuy
31,"@Just_dhee1203 kesimpulan : agar tidak mengalami kekerasan 89,3 % JANGAN menjadi LGBT.",bayukawan2
32,@zazaashann @raizaraisha Itu Hadist.masih diperdebatkan dan berbeda pendapat antar ulama. Bukan Al Quran yg jelas2 firman. Dan indonesia pun g ada hukuman mati baik zina straight maupun lgbt. Anda g berhak untuk menyarankan membunuh kalaupun didepan anda bener2 lesbi atau apapun. Jadi jangan diulang lagi,FikritheAdvisor
33,"tp emang lgbt sik, tp yaudah lah ya lgbt atau tidak, kiamat mmg sdh dekat (prabowo presiden all)",geekdeon
34,"denger denger ada tubiran wkkww gaje bat dah , bawa ketawa aja kwkwkw dikit dikit lgbt capeeee btw natco lebih jago dari skylar (x)  woakwowk",Wenssuupp
35,LGBT  (Lelaki Gagah Bagi2 Takjil),Abraham0109003
36,@Dyoikyyy lu lgbt,Icad4U
37,"udahlah gay fetishizer, homophobic, apa pula ini bilang boleh ngebunuh lgbt? kalo gatau bener apa ngga mah aturan jangan diposting lah, cari tau dulu itu bener apa ngga. aneh.",lovewinsaIl
38,@Icad4U Pakai bdts samaan juga ikut LGBT cad ?,volzzee_
39,@vxeds LGBT  Lelaki Garut Berumur Tujuh puluh tahun,sayursoul
40,"@zazaashann Kebayang gak sih, lo lagi ngelakuin apa terus difoto sama stranger dan di post dengan caption aneh-aneh? Di tweet lo sebelumnya, lo keliatan kek anti lgbt tapi in other side lo ngehype gxg. Muna banget jadi orang, wkwkwk. Sekalian minta maaf gih ke orang yang lo foto sembarangan.",s0urlickyy
41,@vxeds LGBT   Lain Gehu Bisi Tempe,rdhaldnsyh
42,@Icad4U Pemain sepak bola jersey nya sama lgbt,LawakanI43435
43,"Der Panzer Germany,  tp mreka dukung lgbt",oidHimawan
44,LGBT  Leupeut Gehu Bala-bala Tempe,vxeds
45,wota woti ketika event jeketi pake baju samaan = lgbt  pake baju erigo sama = lgbt member baju nya sama = lgbt  pake baju lebaran sama= lbgt baju couple = lgbt  intinya lgbt ğŸ˜”,Icad4U
46,@zazaashann Mohon maaf banget adakah di Al quran ayat yg menyatakan pelaku yg melakukan hubungan seksual LGBT harus dibunuh? Boleh tau surat apa?,FikritheAdvisor
47,@SiaranBolaLive keren apanya mirip lambang LGBT,nugrohost7
48,@hugozeldaa @zazaashann Tapi kalo yang ngebunuh ternyata menikmati konten LGBT gimana kak? Tolong jawab,tsabitavosaa
49,@_48DEE buat sirkel yuk berdua (no lgbt),gagituflo
50,@CapXSid #DelhiMetro meh #HoliCelebration saath meh #LGBT Lesbian scene wah ho gea entertainment,saidmythought
51,@AbdulWa82444032 @PaijoKhentir Menurut data LGBT terbanyak di Indonesia adalah si kawasan syariah yakni SUMBARğŸ˜€ğŸ˜€ğŸ˜€ğŸ˜€,KyaiAhy
52,@multabolot Lgbt flag?,davey0v0
53,"@zazaashann Ya langsung dibunuh tapi harus ada minimal 4 saksi &amp  ada bukti kalau dia pelaku LGBT  Kalau masih asumsi semata doang ya gabisa. Udah, kalimat pertama lu udah minta maaf gausah ngejelasin ampe bawa bawa agama, lu salah.. udah diem, Hush.",_48DEE
54,@zazaashann Iya kak didalam Islam emang kalo orang ketahuan lgbt disarankan buat dibunuh,hugozeldaa
55,"ah sama inii  mau minta maaf juga buat twt yang inii yaa  dulu sempet baca kalo ada yang lgbt(?) itu didalam islam langsung dibunuh.. tapi gua gatau juga beneran atau engga, ini salah aku juga karna langsung ngomong gitu.. maaf sekali lagi https://t.co/re9Vz70oRe",zazaashann
56,"@txtdrimedia Mantap om putin, usul aja di indo jgn sekejam itu lgbt d anggap teroris, di sediakan pulau khusus aja, smua boti d kmpulin d sana, biar punah dgn sndirinya krna gk bisa ovulasiğŸ™ğŸ˜",declevr
57,@multabolot wah kok warna warni seperti lgbtâ€¼ï¸ğŸ˜ ,not_ur_fav_boy
58,LGBT   Lee jihoon Ganteng  Banget Taik https://t.co/fNgNNkOh8v,Dayattt24
59,udh bukan lgbt lagi jd penyebab bencana,pelerhorse
60,"@_L0KA @txtdrimedia Yg jawab gitu kadang tontonannya juga porn sesama jenis, tongkrongannya juga komunitas lgbt. Kenapa gue tau, soalnya dari kampus ke kampus ada aja cerita org yg begini. Kampus top, kampus gk terkenal, semua ada dan polanya sama.",hrd_chumbucket
61,@txtdrimedia SETUJU!!! MUSNAHKAN KAUM LGBT!!!,hahuhoheng17
62,Kemaren nonton video abang2 bahas LGBT. Udah serius dengerin gk tahunya LGBT itu lelaki Garut berusia tujuh puluh tahun ğŸ˜­,junimina17
63,"@txtdrimedia Wajar klo LGBT masuk kategori teroris. Mereka kaum perusak generasi manusia. Apalagi sekelas negara Rusia, mereka butuh manusiaÂ² tangguh untuk jadi tentara.",suprayitno_r
64,@kopparslagare_ LGBT Lelaki Gagah Berurat Tangan,RyvAlwayss48
65,"@Meldy86 Banyak sih, soal LGBT, soal anak2 ngikutin kardashian, soal transgender, banyak juga yang bikin gue angguk-angguk hahaha. Dia lagi bikin rame soalnya dia ke Gaza dan ikut neriakin ceasefire sampe cabut dari daily wire",diansubrata
66,"@masprikk Ya ampun. Emang sih, di sana laki sama laki itu normal. Cewe sama cewe normal. Nikah pun boleh. Cuma di sini emg LGBT punya kekuatan super bisa menimbulkan gempa. Orang2 straight zinah mah tak berdosaaa",dxachu
67,"@txtdrimedia bisa ngga sih ada team atau ormas atau apapun pembasmi LGBT""... apalagi sekarang mulai berani tampil terang-terangan.""",GorongGorong69
68,"@txtdrimedia Indonesia ikutan dong, LGBT sudah seharusnya di hempas karna merusak moral bangsa",indiabcd_ef
69,"udah keliatan dari maraknya lgbt, berlomba2 membangun gedung tinggi, masjid udah mulai sepi, banyak fitnah dll. kabarnya udah ada sapi merah juga sekarang",xrarmara
70,"Standar ganda, aku ga suka perilaku LGBT, jadi kalo liat kapalÂ²an eneg juga. Aku ngefans ketika mereka jd individu",usergabut48
71,@kopparslagare_ LGBT (Lelaki Gabut Butuh Teman),sepertiswiper
72,@kopparslagare_ lgbt ituu lelaki gendut bermuka tirua,broccazo
73,"Gue nonton pas lgbt blm marak jadi topik kek skrg2 ini, jd mikirnya ya anna ini krn dia kesepian dan ga punya temen trus dapet org yg bisa dia jadiin temen emg seneng bgt pasti... dan ternyata itu neneknya.. salah satu film ghibli yg bener2 membekas di hati",g_honmono
74,"@RandomWorldWar Ormas NATO LGBT beraninya cuman main keroyokan   Gedek juga sama hegemoni NATO ini, merasa paling superior ğŸ—¿",taufikherma
75,@kopparslagare_ LGBT  Lagi Ganteng Bini Tiga (keli alie kimoy),dutifuled_
76,@mrafly73 lgbt?,Marukyuu109_
77,LGBT LananGan BanTul ğŸ˜,maspai_jo
78,LGBT  Lelaki Garut Berusia Tujuh puluh tahun,kopparslagare_
79,"@SCrazy42631 @Haqiqatjou Lah yang dibahas pendukung ISIS di Indonesia malah ngomongi LGBT keliatan kan tololnya, nggak ada hubungannya, makanya kalau sekolah itu belajar jangan coli",badebening
80,"@vozeou @TxtdariHI Bacot boti, mau pendukung manapun Lgbt emang diluar nalar manusia dan ngelawan kodrat yang udah ditetapin sama yang diAtas.",Bijikudamantap
81,Lgbt,Sarvjeet8082
82,"@thedufresne @hnurwahid @jokowi @basuki_btp Baru2 ini habib Ali Al-Jufri juga dikafir2in sm mereka terutama krn sikap beliau yg tak setuju orang2 LGBT dibunuh, didehumanisasi, dikriminalisasi, dikucilkan &amp  gak boleh sholat/beribadah (salah 1 nya untuk mereka bertobat)  Bisa cek di postingannya @Ustadz_Ahong",8612fan
83,"Asli jadi pengen punya yang jerman, tapi pendukung lgbt males jadinya",Cepchenk0
84,"wota/ti koar koar homophobic tuh aneh, padahal penikmat konten lgbt juga.",definingsadness
85,LGBT  Lu Ganteng Banget Tmpk,lathifRajaIblis
86,Jewel x Sahara #jewel #sahara #coleelementary #LGBT https://t.co/QWcR5D7l2J,sepufnf40010196
87,@Deproleteriat2 better than trnny fggt,WamuuC
88,Gw bukan pendukung LGBT Tapi gw jg ga pernah menyerukan buat boikot atau apa Sebagai woti yang lu tau kondisi fandom lu banyak kaya gitu Ngapain sih caper upload kaya gitu narasinya jg gitu Hadeh cil cil,maspai_jo
89,@idextratime perintah presiden rusia kalo gerakan lgbt dianggep teroris,rosesareedeadd
90,@idextratime Lgbt jirrr,ayaharno
91,@zestromx halo ganteng (anti LGBT),androgalaxuy
92,"Kaya di sexualize banget gl tu, atau semua gendre film lgbt ya? Hadeeeh.",Feb1218
93,Kalo saling ngokop itu apakah aku dan temanku LGBT?,galanghefi
94,@JackPosobiec LGBT+G,AppldSymphonics
95,"Teringat bahawa pada zaman dahulu, Mahathir juga bertegas menyingkirkan orang Umno yang terpalit kes #liwat dan #LGBT.  Mujurlah kini (sejak dapat pengampunan diraja pada 2018), Anwar bertegas menghapuskan unsur LGBT dari bumi ini.  https://t.co/me0IaxWR81 https://t.co/woKnD8fuuw",uthayasb
96,@feeerdinio1907 lgbt,yassktm67
97,"@vozeou @TxtdariHI LGBT bukan kebebesan, tapi kebablasan BLOK",abiyasa69
98,@ainascnrrmt Nah itu makanya malah merembet ke greshan aina gue baca lewat2 TL yg foto itu anti LGBT tp masih suka baca AU greshan. Yg gue baca begitu sih makanya jd rame wkwk,pratiwiii___
99,"@SCrazy42631 @Haqiqatjou Kebiasaan kaum goblok, ngomongi ISIS jadi ke LGBT, kalau udah kalah debat cuma bisa ngehina ğŸ¤£ otak smooth mmg kayak gini, tolol",badebening
100,@badebening @Haqiqatjou Pro lgbt kali lu fakta banyak banget kaum sodom ditanah suci lu trus elu biarin aja trus elu suka minum air liur zionis,SCrazy42631
101,LGBT  Lee jihoon Gongseob Bum jae Taesoo ma,lariadawota
102,I hate LGBT without LğŸ˜  Mending standar ganda daripada standar FIFA ğŸŒŠ,J__Thomasz
103,lgbt stand for lagi bete,caetarinablu
104,@PopBase Ban lgbt,onikayum
105,@sleepygore_ LGBT,transmasctoph
106,@zestromx LGBT  Liverpool Goblok Banget Tolol,_48DEE
107,"Tambahan dalam latest episod, ditunjukkan babak bts watak penulis skrip Ezad cuba meluruskan kefahaman produksi di sebalik tabir tentang beza khunsa dan LGBT yang mana norma masyarakat kita masih membakulsampahkan golongan ini dengan gerakan sesat LGBT.",hakiimIsmail95
108,@zestromx LGBT  Laksa Getuk Bakmie Teh tarik  Selamat berbuka,paranouns
109,"@adiwsz Harusnya ga usah disebutin abang fatahnya ka, kalau muslim pasti tahu tinggal berdekatan dengan pelaku LGBT seperti apağŸ˜«ğŸ˜«",noerah13
110,@WAVlNFLAG hbd sekali lagi lgbt,nortiekanojo
111,"Katanya Tidak Mengenal agama , tapi tindakan pemimpin negara itu lebih beragama dari negara agama , LGBT orang2 penyuka TELIS itu di masukan dalam daftar organisasi Extrimis , rusia emang keren !!!",kimi198021
112,@fikrishb01 straight people yg menolak campaign lgbt tuh bukan homopobic kak.. homophobic tuh buat mereka yg bener bener benci sama kaum lgbt sampai pengen ngebunuh gitu saking ga sukanya. padahal yg seharusnya dijauhi kan perbuatan maksiatnya bukan orangnya.,asweetnight
113,@userxyzz1 LGBT?,arenttalikh
114,Salah lgbt wbk,everfolkies
115,@SpieltagIndo Asal ga usah ngurusin kampanye LGBT dijamin gacor,Nauynaidrah_
116,@geouww sorry gw anti lgbt,lariadawota
117,@licamartinss Lgbt,DS_Leozin
118,when ada tweet panas pastu buka profile ada bendera lgbt tu nvm la cukup takyah panjang2. they're just pure dumb.,cmhaiman
119,Lgbt idiot emang teroris yg harus dibasmi,tukangrtweet17
120,LGBT  @Hamudrel https://t.co/VijalGD0Mg,LilyBlue53
121,@EdugamesP Da comu lgbt,LoFi_Cass
122,@lostondaisy em cok ben kucuk lgbt bayragim,perihobiss
123,"@Kerajaan_Israel @Tita83079013 @sil57376 Yee,, emang dasar otak udang gini,, tolol,, di jelasin ga ngerti2,, orang2 kayak kalian kan lebih sukanya free sex, lgbt, selingkuh, mabok2an,, makanya ngotot bgt jelek2in islam karena ajaran islam melarang itu semua",AnakBawang55
124,@SnoopHogg6969 @Truthtellerftm @BRICSinfo Begitu juga dengan LGBT,ibeukah
125,"@idextratime @bliblidotcom Yang satu mulangin pemain karena puasa, yg satu udah ga kampanye lgbt ğŸ™‚",FadlyPradana
126,"@moviemenfes if youâ€™re okay with lgbt themed series, What Did You Eat Yesterday? bisa kamu tonton nder, tiap scene masak, tokohnya juga sambil nyebutin resep dan cara masaknya https://t.co/oGMmSQXcys",jerabugi
127,@monsieurturc_09 Lgbt,k_krbt58
128,@glamgoddess11 Partisipasi masyarakat menciptakan pemerintahan yang lebih terbuka dalam advokasi hak-hak LGBT.,ibnu_guntur3
129,"@BLLRCHMD Bila bendera LGBT auto kurang cerdik. Yang India haritu pun bendera LGBT, back up la tu kononnya. Ptuihhhhhh!",Aldehyde_2317
130,@VallixYeah Lgbt?,ErglisP
131,@tanyakanrl ini kayanya yg pernah ajuin pertanyaan di acara sharing time nya ust. Hanan attaki deh..yg dia ngaku dulu mantan kaum LGBT...,melyst94
132,"mau beli jersey england, eh ada bendera lgbt nya sampahğŸ¤¢",inchgga
133,@KittenDrawer tje. lgbt screaming adam brothers,gontierkult
134,lgbt?,tthisllovee
135,Diluar konteks yang lagi rame nih.  Penasaran aja homophobic ama straight bedanya apa?   Istilah homophobic muncul dari orang2 lgbt itu sendiri kah!?    Soalnya kek aneh aja straight tapi ngomong homophobic ke sesama straight.   ğŸ˜…ğŸ˜…ğŸ˜…,fikrishb01
136,"sedikit lagi hehehe, tambahan  Saya tidak membenarkan pelaku LGBT, dan saya juga tidak membenarkan pelaku yang menyebarluaskan informasi liar dan sebuah foto yang belum"" tentu sesuai dengan fakta yang ada.""",dittowj
137,@LeonardoOriass @Byanu lgbt KKKKKKKKKKKKKKKKK,magic_sanches
138,"@agusudarmansyah Maaf pak Agus, cuma meneruskan apa yang disampaikan dari guru perihal fiqh haji",fai_bigheart
139,@sunafemme kinda lgbt no?,arugomasqrde
140,@FGaitho237 @kibeandy @AzziadNasenya @KabarakUniv Sasa unasupport LGBT au,IngineerF
141,@txtdrkonoha HANYA AGAMA ISLAM MENOLAK LGBT.,akdintanjung
142,"Gimana cara ngasih tau orang yg gay/lesbi kalau LGBT itu penyimpangan? bukan kebebasan ataupun hak. We support rights, not deviance.",Melanicndrfa
143,@HildaSaoPaulino @TheFire_Club Lgbt,Rafa_Epics_
144,@cii_MS @SoftWarNews Dikira muslim gabisa lgbt apa? ğŸ˜€,Filsuf123456
145,@Kokone_Rainii LGBT :3,sillieststarr
146,"@mengsmol Jelass wkwkw cm banyak yg marah2 katanya bercandain bencana, padahal mereka jg sering bilang adanya azab karna ada LGBT (ak ga dukung lgbt tp ga setuju dengan pernyataan itu), giliran yg dia dukung menang dan dikaitkan hal ini pada ga terima, standar ganda bat",krasivaluna
147,"@AdekNyaIpinn eh bersetubuh lo pada ya, the nuruls itu ditujukan untuk yg cewek2 berhijab/muslimah tapi beli soju halal karena pengen mabok ala ala drakor tapi tetap pengen halal, muslimah yg NO soal lgbt tapi nge ship per homo/bl an artis/karakter fiksi, lalu ditambah la outfit, dan konotasi-",itsmeAldichan
148,Rusia Tambahkan Gerakan LGBT ke dalam Daftar Organisasi Ekstremis dan Teroris - Headline Bogor https://t.co/hchnl6eYTR #LGBT #VladimirPutin #teroris #beritahits https://t.co/KZZvH0aA6n,headlinebogor
149,"@Ra_nampol Ya kalau ga sampe ciuman, berarti ngga (mungkin). Gaada bukti juga  Kecuali pelukan sambil kampanye LGBT",_48DEE
150,@ThebestFigen LGBTğŸ¤®ğŸ¤®ğŸ¤®ğŸ¤®ğŸ¤®ğŸ¤®,Rider72Valkyrie
151,lgbt,david55034076
152,apa hukum puasa bagi kaum lgbt menurut ruang guru,Sentvoler
153,"Apakah merangkul/rangkulan/berpelukan sesama gender itu sudah termasuk ke-kategori LGBT?   jawabannya tidak. tidak ada bukti kuat untuk mengatakan itu termasuk kedalam kategori LGBT"".""",dittowj
154,ahh i see.  Is just leaning or embracing someone from the same gender considered LGBT?  mari mengenal apa itu arti dari LGBT dan apa sanksi untuk pelaku doxxing di-indonesia.,dittowj
155,"@FzySpaghetti @kaenchwan @bukanwibudesu i know, tp apa lgbt jd penyebab sebuah bencana?",akishibee
156,@ZerinhoU lgbt,driweu
157,@ClownWorld_ LGBT ğŸ’€,Ahmadmelhem01
158,@zahid_day @kloppizm Lgbt icardi demek,1907Ozuberk
159,@idextratime @bliblidotcom Islamophobic vs pro lgbt  Main di bulan Ramadhan,hezmaan
160,@Mandysegundo lgbt,tiredseventy
161,@after_suckseed @idextratime @bliblidotcom Sekarang kagak tuh inggris marahin tuh karena dia dukung lgbt kebantu sponsor saja,Rifqizuhdi281
162,@mohmaleee LGBT hanya identitas. Homofobia dan transfobia yang sudah mengakar kuat akan mencari cara apapun untuk meniadakan eksistensi penyandang identitas itu. Prinsipnya homosekseksualitas dan transgender berikut variasinya adalah Hak Asasi Manusia sbgmn Yogyakarta Principles.,bisikankalbu911
163,@JungHos30451189 @plutonerium @SoftWarNews ya LGBT itu udah termasuk Lesbian Gay Biseksual Transgender ga nyudutin 1 doang lesbian penyuka sesama jenis antara perempuan gay sesama laki bisex suka laki dan perempuan,Syad_z111
164,GERAKAN LGBT ya guys yaaa... bukan individual-nya... ğŸ˜†ğŸ˜†ğŸ˜†,danjr666_13
165,"@convomf Pernah, dan yg paling berkesan tu 2020, pertemanannya beuhh kentel banget. Setelah itu 2021-sekarang kek cinta cinta tai apalagi sekarang pada menormalisasi lgbt gila gila. Jadi ga tertarik lagi masuk game game itu",hitutkeboo
166,@idextratime Improve banget ni timnas pro lgbt sejak pildun kemarin,avixena_
167,@karimhellal @ChatOccitan hannn! propagande LGBT ğŸ˜± #noussachiez,zithoun3
168,@egreltiyesili Tuhafff,Sedasevdat55111
169,@idextratime @bliblidotcom Jerman ini kalo fokus maen bola aja ga ikut2 LGBT kek kemarin yakin gacor lagi kayak dulu,FadlyMadridist5
170,"@convomfs iya nder emang banyak yg ngira gitu, tapi saya pas nonton gak ada kepikiran mereka tu lesbian (soalnya ghibli agak gak mungkin ngangkat tema lgbt). dari sekian banyak movie ghibli, marnie was there tu membekas banget buat saya.. all the implied feelings were conveyed perfectly ğŸ’“ https://t.co/nourX6UvsV",ojoget
171,"@NaresPradipta kak sorry lewat tl, berani banget ngetweet ttg lgbt, apa ga takut? ğŸ¥º",biuwwzyy
172,@FredArizona lgbt,BoyElectric
173,"@amaaaa__w kak sorry lewat tl, berani banget ngetweet ttg lgbt, apa ga takut? ğŸ¥º",kadeknop1k
174,"@NaresPradipta kak sorry lewat tl, berani banget ngetweet ttg lgbt, apa ga takut? ğŸ¥º",kadeknop1k
175,"@NaresPradipta kak sorry lewat tl, berani banget ngetweet ttg lgbt, apa ga takut? ğŸ¥º",rdhaldnsyh
176,@awomaninnowhere @liiliikooo @kitkattired LGBT,mrgh2323
177,prancis kalah sama negara lgbt,bintangsryp
178,Perdon x tener gustos lgbt,kato_artsy
179,@PaijoKhentir bukan salah lgbt ya... salah rakyat indo mendzolimi imam mahdi,txtfromadrian
180,@eeveedaneve Lgbt,neperpas
181,@remustrans lgbt,joelzzor
182,"kenapa sih setiap ada pembahasan ship bxg, ga di genshin atau di hsr selalu ada party pooper yg ngetik *** into men/girls only."" SMUA AJA ANJING LGBT, GA ADA YG NORMAL SEMUA IYA. SEMUA SHIP LU KOMENIN GITU BNGST. JDI SIAPA YG NORMAL? NPC?""",shrirabu
183,LGBT : https://t.co/2Fnc1LExfx,volzzee_
184,Azab melarang pemain puasa kalah sama tim pro LGBT ğŸ˜„ğŸ˜„ğŸ˜„,IkoAwowo
185,@eeveedaneve Lgbt/Simp,kayshhh_
186,"@MALAYSIAVIRALLL LGBT dan Trans ni adalah golongan ekstrimis. Memang tengok sifat2 diorang ni serupa ja, dari kt USA sampai la kat Malaysia.",paindekar
187,@PinkNews lgbt? news?,stevereddddd
188,@idextratime LGBT,ApipAr18
189,@maggienationshq lgbt sub ğŸ˜­ğŸ˜­ğŸ˜­,sbsdeluxe
190,@TerraBrasilnot Virus lgbt,fiiEacoes
191,@HakanBarut5806 Lgbt lilere bak sen,Kral_Mansa1071
192,@idextratime @bliblidotcom Cacakan eweuh rivaldo mah eleh si anying. Hakan tah jersey lgbt,krjmk
193,@ibrahimdmr1 Refah Gelecek LGBT ortadan kalkacak,ertudmr
194,"no one told me gak boleh ngajarin adekku baca dengan terlalu keras, no one told me jangan becandain adekku yang takut hujan, no one told me jangan marahin keras sampe nyabut hp adekku sebentar just because lgbt thingy",27O3OO
195,"@wesaputboys22 @BennyWenda Ingat HAM itu buatan Barat masuk ke Indonesia untuk melindungi yang tidak masuk diakal contohnya kekerasan,pelecehan, pembunuhan, LGBT ketika yang melakukan orang berpengaruh dinegara dan mempunyai jabatantinggi itulah mereka takut menerapkan hukum Islam karna takut akan keadilan",dandanclaudia
196,@qasimss__ Lgbt lpg aids hiv zaruret ahiret Ã¼cret bekaret,vitesinsesi
197,@KAKY0INORIAKI lgbt,graceee_m00l
198,kondomlu oral ap #bursagay #bursa #bursalgbt #lgbt #gay #bursaarayis #bursaaktif #bursapasif #bursasex,sadman23341
199,@ElArabian13 lgbt,neytitiri
200,@princezuya @idextratime Pdhl jerman juga lgbt ğŸ¤£,AkhmadF10940169
201,@th3maya lgbt?,lennstars
202,@tugberk37 Lgbt nesil,foncukyus
203,@DorotaD10 Jebac lgbt,izalewskii
204,@KemalistCurious Lgbt alleylar istisna,TheLadyofslayyy
205,@idextratime Tim anti islam vs tim lgbt pildun,emcclub
206,"@brahmanda_95 Jadi tweet gw terakhir ya, buat kalian mau Str8 atau LGBT+ jangan sex bebas ya, kalau udah punya hawa nafsu ya cari pasangan yang setia.  Gw juga end of 10s lagi liar-liarnya banget gw tau kok, tapi tetep ya safe sex, cek rutin, dan setia.   Sehat-sehat ya semuanya ğŸ«¶ğŸ»â˜ºï¸âœŒğŸ¼",hxzlym
207,LGBT HAIRâ€¦.,allvrsjoyy
208,@Rainmaker1973 LGBT,Ayzaks
209,"@brahmanda_95 Dibilang tebaran data Str8 dengan STDs dan LGBT dengan STDs lebih banyak kaum minoritas yang kena, kenapa? Karena mereka ga tau harus berbuat apaan? Sorryy banget pas udah parah baru berobat (sehat semua kita), belum lagi kalau udah menikah dan punya anak ğŸ˜­ğŸ˜­",hxzlym
210,@NalinisKitchen LGBT ğŸŒˆ,_samosa_chai
211,@al_mustizz @LuckyGoldx @instablog9ja Nah LGBT,thisisbignoble
212,@DoguhanSCF @29ekimozlemi Hala kemalistim sadece lgbt biyeriyim,KemalistCurious
213,@tempodotco yg kemarin nembakin d rusia itu kayaknya dari organisasi LGBT ini?,Joe_58w
214,"@idextratime Diindo gabisa kyknya diadain aturan ginian,Krn pasti klo semisal kaum LGBT dibasmi psti ntar mncul lgi golongan2 yg teriak PELANGGARAN HAM,DLL""""",shippud3nn
215,LGBT,dojas420
216,@AbdulWa82444032 @H4T14K4LN4L42 @prabowo @jokowi Uwaw saya sebagai lgbt seperti avatar bisa mengendalikan air tanah api udara,tawan__28
217,"@sosmedkeras hadeh, respek sih respek, tapi ini sama saja kek ngecat jalan ama bendera lgbt",fikrisirnight
218,@vanessatism lgbt simp,0xywave
219,@Daily_JKUpdate @dailyjkpraise JUNGKOOK ANTI LGBT+,disflorescer
220,"@thesharktattooo Bodoh bodoh jelah keling ni. Dah lah bodoh , lgbt pulak tu",haziqhazli_
221,@yvaefleur Fantasias lgbt!!,Mono_asAtreides
222,@idextratime lgbt,Pjreex
223,"@Sam268891 @Ipaahu @Humairah_922 Apa yang komen ini pelaku LGBT, sehingga tidak terima?",elyarsad09
224,@musyiela tapi inglen tuh masih melekat bgt sama lgbt susah dibilanginnya,lovecolwill
225,Pdhl banyak org media yang bagian dri lgbt,holyliketheblvd
226,@txtdrimedia Di indo kalo ada kebijakan kaya gini yg LGBT langsung pindah negara ga yaağŸ¤”,AdR_094
227,"heran anjir udh gw kasih homophobic dni ttp aja msh fol gw trus desc nya lgbt dni"" tambahin ilmu literasinya goblk""",renncom
228,"@AkewReynaldi @Y_D_Y_P karena zelensky keturunan yahudi, rusia anti lgbt dan rusia melawan hegemoni barat",ekopras96808127
229,"@Ndons_Back @Ndon08 @MyNameNdon @Dr_Stein08 @NdonBack2 @NdonBack4 @NdonBack3 @Ndon_PedoHunt @PedoKicker @BangNdon @Ndon08Back @NdonB4ck @Drs_Ndon @Ndon_Back @NdonTwit @CodeNameDon @UserNameNdon08 @AnonNdon @NdonHunter @NdonBacks @Ndon_isBack Maaf, saya bukan LGBT yach ğŸ™ğŸ™ğŸ™",ali_hasan110
230,"@TxtdariHI Istilahnya ?  LGBT = Teroris , begitu pemahamannya teman2.",GNET888
231,@AccuentaIndf @unNSbaneado @papeadas1945 @Dementhetv @oOoConservas LGBT*,fuckarolli
232,@TxtdariHI Waktu kejadian In i karena US melegalkan LgBT. Dan rusia menolak LGBT dinegaranya.  Terkait LGBT&gt  Lebel.  Disitulah tercipta pola pikir masyaarakat LGBT sama dengan halnya teroris . Effect media  mainstream,GNET888
233,@Lorenafofin lgbt+ ?,BrunoWArts
234,@txtdrimedia Yuk semoga Indonesia bisa terapin secepatnya Krn semakin meresahkan para bocil jg ikutan jadi lady boy. Brantas LGBT âœŠ,KristinaCa81794
235,@Saymonohumano @orihmezu Lgbt vs Lgbt ğŸ’€ğŸ’€,Entity_303__
236,@GFRobot @HollywoodHandle Lgbt lobby,DiamanteGaufre
237,@mohmaleee Ya gpp sih.itu kan kebijakan negaranya.dan kita juga ga tau keadaan LGBT disana itu gimana,jandarobot
238,@adysufardyrifai @PKSejahtera Bio anti LGBT tapi ?? Wkwkwk https://t.co/kM7IXo3UUC,Rifqizuhdi281
239,@jwesung kmm dah nntn my love mix up jepang versinyaaa blom sih? klo blm nntn di netflix.. MNRTKU SERU SOALNYA SGT RINGANğŸ˜­ atau klo dah nonton coba search aja â€œlgbtâ€ di netflix wkwkwk kmrn aku random search itu banyak keluarğŸ§ğŸ»â€â™€ï¸,wwmarklee
240,@mohmaleee Aku gk tau keadaan lgbt di rusia sudah se parah apa sampai jadi ekstremis dan teroris,Fikfinicky990
241,"@yaelahandri @txtdrimedia Dunia penerbangan banyak juga LGBT, dan banyak lagi",rama79072
242,@eN_Hazet @AbdulSompret @Akun_Kesebelas @SammiSoh Wkwkw cuma like fir? Ga salah kau tolol bandingin cuma like dan ngewein di pesantren Ampe ada jdi homo ? LGBT?ğŸ¤£ğŸ¤£ğŸ¤£,DAbdull36647
243,@rose_k01 @seriousfunnyguy LGBT gang??,iamkrishna2681
244,"@Just_dhee1203 mestinya tulisannya jangan ditekuk mbak, pasti tulisan lengkapnya                 89.3 %            KAUM LGBT    mengalami kekerasan         dari pasangannya        ----------------------",Joabie_WIN
245,ok maaf ternyata ada yang sampai 72.8K (yang LGBT x pemilu) BUT STILL first 10K likes crazy!!!,efraimsthoughts
246,@liriozinha_ Lgbt,ashvampir3
247,bantai kaum LGBT om putin kalau bisa Indonesia juga begini,jawavanili
248,"Rusia Buat Kelompok LGBT Ketar-Ketir, Putin Keluarkan Undang-Undang Ini https://t.co/LxmsBLYGLk",RepelitaO
249,@akishibee @kaenchwan @bukanwibudesu Karna lgbt jg sdh ada janjinya di al - Quran lah ini pemimpin blm menjabat aja sdh di sangkut pautkan,FzySpaghetti
250,@danhvng Prabowo 1 - lgbt 0,panggski
251,"@nidzfreemind @txtdrkonoha Bisa jadi sih. Tapi sakit bangettt belain kaum LGBT, udah hina Dimata Tuhan, bisa menyengsarakan yang lain pula.",yulienn23
252,"akun homo lesbi lgbt bau tahi jgn merep akunku apalagi memfollow lah, km dilaknat Tuhan",jerinardian
253,@AZulfajrin @ino_wilmac @txtdrimedia Agama mana boleh lgbt kok sampe agama,avocadofloat20
254,@RevaldiRevv @TxtdariHI menentang lgbt doang belum tentu lebih agamis. banyak aspek,Jssera48
255,@Shiny_stary lgbt,Agusgrasoso
256,@owygn Ini kenapa komenya pd fokus LGBT ya ? Jgn jgn yg komen ğŸ¤£ğŸ¤­ğŸƒğŸƒğŸƒğŸƒ,akuikko
257,@TonyXinn ? Jak LGBT zakazana? L-iberty  G-uns  B-eer T-its,Pawel838
258,@yulienn23 @txtdrkonoha Pro LGBT mgkin krn bisnis mereka di situ.,nidzfreemind
259,"@estermutinshort Lebih baik Rusia ketimbang Ukraina, Rusia tegas terhdp LGBT dan Pro Palestina, Ukraina dukung LGBT, Zionis. ( Amerika, Israel dan Ukrania ) mereka msih satu Sekutu.",Banyulangit__1
260,@Kienloml Lgbt : Laki laki Garut Berusia Tujuh puluh,ojaojagf
261,@1artemisfowl @safrifajri @haryono_666 @ja80197 Ekstrimis? Ini sama seperti case yg nolak LGBT dikasih cap homophobic wkwkw,BlokirBoris
262,"@txtdrimedia kemarin sempat liat tweet kaum lgbt udah berani terang terangan pacaran dan di up ke twitter alias x, lupa ss gua klik tidak tertarik ğŸ˜€ğŸ™ğŸ»",jjovaaanka
263,"@mdanielmdizan Dak dak woke, biasa orang camni lgbt pon sokong.",JibrilZul
264,@mienzit kawaki,thoudon
265,@PaijoKhentir LGBT di konoha terbanyak di mana? Di daerah yg ada perda2 syariahnya. Kesimpulannya apa sudah kena azab?,kedondong2288
266,@nunalixie @PartaiSocmed Starbucks cuma jelas2 dukung lgbt +++ Kalo isriwil gatau juga sih. Cuma kopinya ga enak jadi ga pernah kesana ğŸ˜…,76Rogerwen19562
267,@ChristianPunsOG LGBT flag...,For_liberty_87
268,"@GlobeEyeNews Mantap, kaum yang pantes di genosida emang. Negara mana pun yang menyatakan perang lawan LGBT, gua dukung.",kozukikoboyyy
269,"@diankrtn__ Wah, FPI juga pernah disebut oleh @aniesbaswedan sebagai ekstremis  Masa FPI sekelas LGBT, gak mungkinlah ğŸ˜€",abuikhwanaziz
270,@shivam_tanishq @piiyushtiwari Tujhe ladki nhi koi lgbt wala sudharega,akvk_aditya
271,@Kerajaan_Israel @BramantyaNigel @bnsphrxyzzz Kirain sistem zionisme jadi goblok tuh contoh LGBT banyak di benua eropa apalagi israhell,Rifqizuhdi281
272,"Ah tailah, ada bendera LGBT nya. Sakit FA, jersey negara masih digituin. Kemungkinan besar ga jadi beli ini mah.",bayuajianto
273,@RickPrimeee ja mam hwdp i lgbt,odsoliglowaboli
274,@amgTOP_G @annazrulan Betulâ€¦ menjadi lgbt pun menghina agamaâ€¦ so sepatutnya dpt same energy lahâ€¦ tapi derg x paham kot part2 niâ€¦,Suresh38783
275,@mdshm_ lgbt,fazzlilallana
276,LGBT itu salah satu agenda elite global yg ingin merusak tatanan masy di dunia. Terutama Keluarga. Makanya Rusia berani memasukan LGBT dlm daftar organisasi teroris dan ekstrimis dalam rangka menentang agenda elite global. Beda dgn pemerintah kita yg cenderung pro ke elite global https://t.co/i1lYUnV2QB,diankrtn__
277,YESSSS. Gua bisa toleransi apaan aja kecuali LGBT. LGBT tuh mental health bgsttttt!!!!,rn_zorok
278,@biagresif @RosesMariaa @ConflictTR Cahil kopek it  lgbt destekcisi gavat burda cok konusma,Boynagalava06a
279,@txtdrimedia Teroris = membunuh warga Ektrimis = meresahkan warga LGBT = membengkokkan warga,healthyyacc
280,Pilihan konsumsi itu pilihan pribadi tapi menyerukan boikot itu bukan pilihan pribadi tapi agitasi. Sama seperti orientasi sex seseorang itu pilihan pribadi juga tapi kampanye LGBT itu agitasi.,PartaiSocmed
281,"@NoraAyudha @FredArizona iki sebelum aku nemu tweet soal jersey lgbt ckck . kecewa aku , mau aja beli",BoyElectric
282,@ps3master37 lgbtâ€¦..ğŸ˜§ğŸ˜§,mewzenic
283,@SoftWarNews URAAA... sikat habis LGBT...,MizanoIsk
284,@himeruwngy wah apakah bisa menyaingi sinar lampu lgbt nya enstars,Ieomeong
285,@tujeshynroman @PurelyFootball LGBT+*#,Baptizium
286,"Bukber gugus ppsmb bahasnya international case, oligarki, lgbt, feminism, pro choice pro life, pilpres, food estate, dsb. Gokil emng tongkrongan ini",cpmilktea
287,@TxtdariHI Iya LGBT itu emang teroris wkwk,walang_sangit19
288,@presideninsyaf @Hercule56318204 @bengkeldodo @delano_rosevelt @DarekaRendy @DamarLeonardo @Ciladinosol @Bank_Joee_ @are_inismyname @InternetH0F @TerataiVe_02 @AditBandit234 Maklumin aja akun berangka banyak dan follower dikitâ€¦ bisa jadi akunnya penyembah rezim atau akun penganut LGBT.,AriskaPutraS
289,@txtdrimedia Di X botita sari boti tak perlu susah payah mencari. bagaimna kalo botita lgbt di indonesia kategorikan organisasi Ekstrimis. ketemu tampol halal kn? no bui.,MHasbyDzikry
290,"@agusudarmansyah Mohon maaf, itu mutlak dilakukan, karena dengan melewati miqat dan berniat haji/umrah, segala hukumnya otomatis berlaku, tetap jaga etika khususnya waktu duduk, Krn banyak jamaah yg lupa kalau lagi pakai ihram jadi auratnya lupa ditutup",fai_bigheart
291,@maxbaratinho Lgbt,poemylovee
292,"Quotation menarik hari ini, terima kasih telah mengingatkan bagi insan yg pelupa, karena ini sudah sangat dilupakan atau terlupakan oleh kita semua",fai_bigheart
293,"@agusudarmansyah Sebenarnya permasalahan pendidikan, pengelolaan yg belum maksimal seperti belum menemukan jurus yg pas, sejatinya pendidikan adalah hak warga negara yg harus dipenuhi oleh pemerintah sebagai pelaksana negara, tapi kepentingannya tumpang tindih dengan yg lain",fai_bigheart
294,dan mereka boygroup kpop yg paling BEDA! mreka berani ambil konsep ttg lgbt. juga cara mreka merepresentasikan itu. woahh!!ğŸŒ·  gue juga suka bgt sama deskripsi lagu mereka di setiap MVnyaâœ¨,wookiesooo
295,@txtdrkonoha Pentingnya lgbt di larang.,vriatamvan
296,"Inilah yg sebenarnya bentuk kecurangan yg terstruktur masif, dimana pelaksana, panitia dan wasit bekerjasama dalam memanipulasi permainan, di wakanda begitu ga ya?",fai_bigheart
297,"@cipuyyuk milih jadi gay"", hah? siapa juga yang mau terlahir jadi LGBT di indo? kalau bisa milih mah smua LGBT yang tertindas, terbully, maunya jadi normal. tapi ya itu bukan pilihan. semoga aja orang tersayang lu, atau bahkan anak lu ga terlahir jadi gay ya? hati2 karma ğŸ™ğŸ»""",Ajhy79
298,Apapun permasalahannya tetep yg disalahin lgbt,uwu1074
299,"@B_nin927 @Ibrahim43736333 Done mksh dh follow dan udah sya fb. Sm2 saling mengingatkan ğŸ™  jauhi follow akun porn, lgbt, islamphobia, penghina ulama, akun2 Zionis dan hindari post hoax. https://t.co/3lf0DPiywl",Banyulangit__1
300,"benar, saya tadi melihat keberadaan JEMBATAN LGBT saat menuju sate madura. https://t.co/vSIK57Uf14",cicibercerita
301,"Ho khensa contraceptive ya ntumbuluku, ku nga LGBTâ¤ï¸ğŸ¥¹",_AndzaniM
302,"Yang gua heran ini isis kenapa gak serang Amerika dah padahal disono pasar gelap senjata banyak,banyak imigran bisa lolos dan juga klo pengen negakin akidah Islam di Amerika banyak industri lgbt,judi,porno",unap_yo
303,@zakeann @lilblondvert @sweetenertunrep @oversubscribedz @LimeeeTea @imandani @ditoks gw berdoa semoga lu ngerasain juga punya anak LGBT trus anak lu makin dewasa makin mandiri dan malam bisa biar tinggalin ortu kayak lu,Ajhy79
304,@dekmaiki yg lgbt yg mna,jjayyeoll
305,@XMMWOB8JUZ84aCN LGBT,kXDXfu9SpilMZCo
306,"Keren Rusia, memutuskan aturan larangan LGBT. Perilaku menyimpang perlu dinormalkan.",almuslimun_imun
307,@18fesss Lgbt goblok,M_Taufiqi_S
308,"aktivis lingkungan hidup ga bisa diperkarakan apalagi ditahan walau sementara yg katanya menunggu persidangan, penegak hukum di daerah musti update datanya dan pemahamannya tentang perlindungan alam dan lingkungan hidup",fai_bigheart
309,"@Apry3j4 @Eridambulangkun @bryan_chung09 @bnsphrxyzzz Kamu yakin aku berdosa sama kamu jika aku sudah menjadi seperti nabimu yg pedofil, ustadz yg mencabuli santriwati, suruhkan dan serangkan ibadah dimilik agama lain cocok dibubarkan dan menyakiti org2x lain yg beda dari aku seperti lgbt dan ateis atas nama agama.",KarelinGabon
310,"Rusia memasukkan gerakan LGBT"" ke dalam daftar organisasi ekstremis dan teroris. https://t.co/GdaJosjvew""",voaindonesia
311,@BLLRCHMD fuck you LGBT. boleh pergi mampus,KAIYOTE
312,@18fesss LGBT LAGI BETE,AkazaYeager7
313,"Pemerintah Rusia menambahkan gerakan LGBT"" ke dalam daftar organisasi ekstremis dan teroris. Ini mengikuti keputusan Mahkamah Agung Rusia pada November 2023 yang menyatakan aktivis LGBT sebagai ekstremis.   [Sc: VOA Indonesia] https://t.co/romGqWY9eh""",Swiftbuzz21
314,@GlobeEyeNews @Muly86054800 Diprediksi para pelaku penembakan di bioskop adalah dari kaum LGBT,Marco_Alfa20
315,"@del_paijo pengen juga sih, tapi harus dipertimbangin dulu dalam-dalam biar ga jadi bumerangğŸ˜‚",fai_bigheart
316,"@SoftWarNews nah kini mantep nih, harus kasih keras dan jangan kasih panggung buat kaum lgbt",alfianoano_8
317,@dhamirimiri Hmmmm mungkin sub culture for lgbt community kot. ğŸ˜…ğŸ˜…ğŸ˜…ğŸ˜… Susah jugak ek mcm ni hahahahah penink,shxdxshxh
318,@HeyTaraaa Inilah doa saya kepada para homophobics. Hate me if you want but accept your children whoever they are. Kalo sekarang terlalu vocal homophobicsnya ntar sedunia tau bahwa situ anti LGBT ntar malu gengsi gamau accept kalo anaknya gak straight,PozzieB
319,"@PaijoKhentir LGBT disuruh interopeksi, spai kiamatpun tdk bakalan mau.. MKnya ada kisah kaum sodom,gomora yg ditimpa batu batu besar krn kerusakan yg ditimbukanya. Dan di islam ada kisah nabi luth yg kaum sodominya di azab tuhan dgn sgt pedih.. Itu pelajaran bg orang yg pya otak Bkn unt paijo",HeruSup80445135
320,LGBT itu T nya Teroris,adi_rossoneri
321,@txtdrimedia Setuju gak kalau boti boti LGBT di indo kita kategorikan teroris juga?,fahriskroepprel
322,ikutan dongğŸ˜…,fai_bigheart
323,"ApaSih fIlm dIsNey seKAraNg baNyAk AgEndA wOkE LgBt""  literally disney in 1998 : BISEXUAL KINGğŸ˜ https://t.co/zoWtI2uROe""",kovntl
324,@tempodotco Neflik punye siape sih? Kok film ny banyak mempertontonkn adegan Lgbt sih?,IqbalKu63221669
325,@AshrafFem LGBTğŸ¤£ğŸ¤£,nafeescongressi
326,@M15Z10A24N25 Karena negara nya strict sama lgbt wumboo jadinya mereka ga boleh bareng tadi aja ada yg bikin kue pake hiasan gambar znn ga boleh zee nya dicabut kalo mau kue nya naik ke panggung ğŸ¥²,sabotabbyy
327,"@_L0KA @txtdrimedia Betul, seharusnya lgbt termasuk ekstrimis karena menyebarkan paham yang melanggar kodrat, mereka bisa menyerahkan diri untuk dibina atau ditangkap, karena diterima nyari penggung dan menjadi2, seperti di amrik sampe bocilpun diracun paham mereka.",Mbimbims
328,akunku not safe for homophobic ya.. bc iâ€™m a part of lgbt ğŸ€ğŸ’’ğŸ’¬ !!! aku juga hype animangas +++ HSR HI3 â€¼ï¸â€¼ï¸,babufess
329,"@plutonerium @SoftWarNews yang namanya LGBT kaga usah nyudutin 1doang diindo banyak transgender,lesbi juga banyak bukan cuma homo. btw kita yang normal juga kaum tusuk lobang ğŸ˜…ğŸ˜…",JungHos30451189
330,@alikorkmaz8385 Afgan LGBT,mayrukcouture
331,@katak_pohon @cii_MS @SoftWarNews melambai bukan berarti lgbt -_-,getjzebulon24
332,@TxtdariHI Pemerintah Indonesia kenapa blm ada sikap tegas ya tentang LGBT,frhndby
333,"Gw sendiri gak ada masalah sama LGBT dalam artian orangnya yah. Cuma emang pergerakan mereka ini kerap meresahkan, apalagi yah disamping orientasi, pergerakan ini banyak menyelipkan nilai-nilai barat yang terlalu bebas dan liar.",Dwiky_Alfi
334,"@gentrifikasu salah, karena lgbt jadinya semua org kena azab",xouveria
335,Deii Pacha Sangii.... @cheranacademy appo appo regressive thoughts ku muttu kuduthuttu iruppan.  Ippo motha LGBT community ayum paradesi nu solran. https://t.co/AQ6vODvAC2,ramjana24
336,"@toe_giman Boleh aja maju, tapi kita ga mau dipilih partai pendukung LGBT dan islamophobia.",RakyatYangJeli
337,"@lady_bugg11 Asalkan bukan meliwat, bukan mungkir janji, bukan buruk muke lebih filter, bukan jadi abdi dap, bukan penggemar lgbt dan konsert...",putrajb76
338,@EKebola @jeune_afrique Papa LGBT ğŸ˜‚ğŸ˜‚ğŸ˜‚,fatao_sinare
339,"@txtdrimedia harusnya si begini, LGBT itu psikopat dan berpenyakit mental kronis",typingtwt
340,"@ruang_cerita99 Songong banget tu orng Tapi Iya sihh bener di aceh kontra banget tentang lgbt, soalnya anti bangt di sini. Tapi becandaan ny ampe megang tit*t boleh kan sialan banget  Susah bangt be yourself di aceh ni Jdi harus pande nutupin lah Sebagai orng aceh, aku juga pengen keluar dri sni",simatabiru45
341,"kmrn nyalahin lgbt, abis itu nyalahin prabowo-gibran, skrg nyalahin kebudayaan jawa  ada-ada aja para polisi moral ini",edoareo
342,LGBT T nya kan Teroris,snyowman
343,Indian LGBT,KhondkerBa27082
344,@SoftWarNews Film2 neflik rata2 menontonkn praltik2 lgbt sgt menjijikn,IqbalKu63221669
345,Jangan lupakan Banci Khong Guan dan LGBT pun ikutan menjegal Abah Anis.,badut_istana
346,@kosmanoglum @yusufalabarda Refah demek lgbt desdek demek,senolaktepe5334
347,@18fesss lgbt ini fungsinya apa sih di dunia? gk normal njir,dracxlett
348,"@oliiverrsky @moviemenfes Kalo LGBT ga dibolehin, straight juga ga dibolehin.  Dreamwork malah banyak yang gay",Bruskami
349,@_oliseh254 LGBT,sibutheartist
350,"berarti anak panitia dapat prioritas ya, kok ada yang mirip ya",fai_bigheart
351,@lxyllaby buat yg wrna lgbt dong,sixeyesf
352,mentereng banget ya,fai_bigheart
353,"capek kalau ngerjainnya, tapi lihat hasilnya jadi hilang capeknya, apalagi kalau suruh ngabisin doang, pasti ga capek banget, cumah begah karena kebanyakanğŸ˜†",fai_bigheart
354,"A Hukumance Rasha Ta Saka Æ˜ungiyar Masu Auren Jinsi (LGBT)Cikin Jerin Æ˜ungiyoyi Masu Tsattsauran Ra'ayi Da Ta'addanci  https://t.co/Ej2yux3uCj  Rasha ta saka Æ™ungiyar LGBT cikin jerin Æ™ungiyoyin masu tsattsauran ra'ayi da 'yan ta'adda.  A cewar Reuters, hakan na Æ™unshe ne a cikinâ€¦ https://t.co/0z6DOmhX4r",ConfamNewsHausa
355,"dki itu ada 10 dapil, kalau cuma tertinggi di dapil, baru 10%, itupun kalau suara dapilnya di borong semua, masih jauh kalau patokannya cuma jumlah suara perolehan, tapi siapa juga yg mau, nalarnya aja masih jauh untuk faham dki",fai_bigheart
356,Memang harus segera dimusnahkan penyakut LGBT,akhmad_khumedi
357,"Waktu itu pas tau ada isu lgbt dimasukin di drakor pyramid game gue maju-mundur buat nontonnya. Pas nonton episode berapa gue lupa, yang part shim eunjung diancem baek harin yang mana dia bilang gimana kalo dia lapor kalo atlet (shim eunjung) suka sesama jenis, dan eunjung sama-",delightpeony
358,"@oliiverrsky @moviemenfes Padahal Dreamworks juga sama aja ada LGBT nya Tapi kebanyakan di TV seriesnya doang sih (She-Ra, Voltron, Kipo)",YustineMelinda
359,@dekmaiki dem ada cupang lgbt kah,jjayyeoll
360,"@johnTopBoy @hyejuIover LGBT itu Lelaki Ganteng Bininya Tiga banh, contohnya gwe https://t.co/KNbzI59kNn",fathawn
361,@fortisfortuna_9 @tempodotco Terus kapan Wowo bikin undang-undang anti LGBT wkwkwk,Rifqizuhdi281
362,@BLLRCHMD @MALAYSIAVIRALLL Kah kah kah kau dengan lgbt kau dengan vegetarian kau boleh gi blah ğŸ¤£ğŸ¤£ğŸ¤£,faris_ikhwan98
363,@tempodotco @prabowo dan @jokowi kapan undang-undang anti LGBT dan LGBT jadi teroris,Rifqizuhdi281
364,@Abdquil LGBT,D3mlicay42
365,tbh LGBT dibilang sebagai penyebab bencana itu konyol kecuali jaman dulu ada hujan meteor dan tabrakan asteroid karena ternyata jaman dulu ada dinosaurus gay dan lesbian,nokt_urnaal
366,Jijik bgt sm kaum lgbt dgn opini sampahnya yg hina agama lain wkwk pdhl di bbrp agama jg ga menyetujui perbuatan menyimpang lu ğŸ¤®ğŸ¤®ğŸ¤®,henderyT____T
367,@18fesss Base ini ga ramah lgbt ya wkwk,hanadiva576
368,"pembunuhan ganda berujung bangkitnya gerakan LGBT di Italia. Film ini sempat disubmit buat wakilin Italia di Oscar tahun ini, tapi sayang nggak berhasil lolos.",moviemenfes
369,"@bhr_oe17 @cinnamoroel @szboslai Gratis tapi maksa mending bayar coldplay yang di demo antekÂ² anies karna LGBT.. Alay kalok ada org imigran/rohingya yang mau menginvasi Indonesia secara perlahan di dukung, ih dasar pendukung penista",Ramailh34070190
370,@zahir32134 lgbt ?! ğŸ¤£ğŸ¤£,e9b96a91a9114fd
371,@txtdrimedia Si pecinta LGBT @bnsphrxyzzz @DeHoutman_id @JinNonik @balaputra_deva dimasukkan dalam daftar teroris ğŸ¤£ğŸ¤£ğŸ¤£,JalanKe83957796
372,sebenarnya lgbt di indonesia tuh legal apa kaga sih? tdi debat sm orang ig bilangnya lgbt legal di indo. #Layla,qbw72525579
373,@gilabola_ina @TotalFootbol Bahkan Nike gak bilang kalo warna itu support LGBT https://t.co/KcXz4RYL9u,6ojira
374,"@thesharktattooo dah la keling, support lgbt pulak tu",nahmate08
375,sebenarnya lgbt di indonesia tuh legal apa kaga sih? tdi debat sm orang ig bilangnya lgbt legal di indo.,qbw72525579
376,@eryghi_ Sama aja kyk yg percaya bencana alam akibat lgbt. Pembangunanmu asal2an. Jumlah org gak terkendali. Serakah sama alam. Giliran muncul bencana yg disalahkan kaum marjinal. Yg nyalahin ngakunya beragama penuh cinta kasih. Aslinya penuh kebencian.,lakiproblematik
377,"alhamdulillah muncul lagi teman2 yang baru yang mau saling mengikuti. done saya folback semuanya dan mari sama2 saling mengingatkan tuk tidak mengikuti akun2 Porn, Lgbt, Zionis, Islamphobia dan jangan pernah posting Hoax.",Banyulangit__1
378,"Pemimpin yg dzolim, zinah udh terang2an bersilweran di sosmed, pinjol makin marak, LGBT disahkan, lahirnya anak diluar nikah jg makin bykkk. Israel makin gaada akalnya, mesjid al aqsa terancam. Tanda-tandanya udh bykkk, astaghfirullah dosa gw pun jg msh bykğŸ˜­",faleriabella
379,"@fmciki @AlleKesok @gilabola_ina @TotalFootbol 200M harga nya, naik 100M kerna anti LGBT, jadi total harga 300M, oke gas",AR07channel
380,@TiadaWaktu_ @YandraD31 @wonkgooner Lgbt ya ? https://t.co/R2wTyXz5gw,nobipang
381,"@kutucomel @cii_MS @SoftWarNews emg selain islam, agama lain memperbolehkan lgbt ya?",aareyyouu
382,@18fesss Hanya org idiot yg mendukung dan menjadi bagian dari lgbt ğŸ³ï¸â€ğŸŒˆğŸ’©,tukangrtweet17
383,Akun bola Indo emang pada hobi nyebar misinformasi ya?  1. Itu gaada hubungannya sama sekali dengan sama LGBT.  2. Harvey Elliot dari dulu emang demen ngangkat kerah. https://t.co/RD21WxO77B,footycinephile
384,"@kd_sketchs Woah haahaah, me bila cg ckp pasal lgbt, hukum benda tu semua terus rasa mcm ALAMAK"" ğŸ˜­""",beatswagie
385,"@ruang_cerita99 Lgbt tu rugiin negara gada keturunan baru, Penyebaran hiv nya lebih cepat,  Gua sih kalo yang lain terserah dah dosa klen tapi tolong lah yang satu ni brantas. Binatang aja ndk ada otak masih suka meme**  Lah ini akal fikiran lengkap malah kek gini  Hadeuhhh",gajul99
386,"@seIenophile_ g jg, krna ak brteman dgn siapapun kcuali zionis dn lgbt",anotherdiaryy
387,"Ga ada hubungannya sama LGBT padahal, tp org indon emg gampang bgt buat diajak ngehate beginian ğŸ˜…ğŸ‘",Gz_ahmad
388,@sebelomhujan @gilabola_ina @TotalFootbol Makanya jarang lagi dukung lgbt apalagi suruh pakai LGBT tuh dari sponsor,Rifqizuhdi281
389,@oL0fRPXaen25817 @gilabola_ina @TotalFootbol Jerman faktor sponsor sekarang jarang dukung lgbt,Rifqizuhdi281
390,@rainbowxpearls Aku takleh nak tweet pasal lgbt ni kang ada yang merempan ğŸ’€,mmmmmmmaira
391,@spunxxpearl tini wini lgbt,stabbeddagger
392,"Bila Woke Politik dan agenda LGBT mempengaruhi kebangaan sukan dan sejarah sesebuah negara.  Kit terbaharu England keluaran Nike untuk EURO 2024 akan dtg, telah pun mencetuskan kntroversi, apabila bendera rasmi  negara E (BACA SAMBUNGAN Post Tiada Manfaat) https://t.co/eMR4dj1c6W",generasibe
393,@ShitpostGate LGBT? ğŸ¤¦ğŸ¼â€â™‚ï¸,nncnotrue
394,gue bener-bener harus keluar dari comfort zone topik LGBT... hampir semua tugas gue topiknya itu dan iya sih gue jadi gampang nyari referensi dan nulis jadi gak lama tapi gue jadi one trick pony aja cuy jadi susah kolaborasi sama orang,torlaies
395,Salut! Pemain Timnas Inggris asal Liverpool ini anti-LGBT   https://t.co/x9Jv2WfgNf https://t.co/x9Jv2WfgNf,posaktualcom
396,"seriously sis, nobody fucking care. jika anda tidak suka dengan tahap kebersihan bazar ramadhan, jangan pergi. kerana sesungguhnya keberadaan anda adalah sebuah kelancauan. fuck lgbt",kdg2pns
397,"Kau kalau mention kata aku tak sensitive towards LGBT punya community memang aku pijak eh, i have tons or friends yang in the same  community as yours but kau je bebal level makan taik macam ni",arianazulkifli
398,"@gilabola_ina @TotalFootbol dengan gampangnya lambang2 sakral diedit kek gini.  kesel sumpah ama lgbt, gw udh dont give a fuck gmna pun, tpi suka tiba2 nyusup jadi sponsor hal2 yg gw suka, mau itu gim, band, atau apapun, fck lah",ilhamemnur13
399,@Just_dhee1203 100% juga malah bagus biar para LGBT lenyap dari muka bumi ini,alrasyidstore
400,@abu_waras Wuzz gila gak sih pemilu Indonesia bisa merusak tatanan duniağŸ¤£ğŸ¤£.. harusnya contoh luar pilih yang liberal pembenci Islam dan pemuja LGBT ğŸ¤£ğŸ¤£,Sahabat26713
401,@OntiSalagatweet @Mrvaradaofficia @AadiSudeepian slum sulemakla LGBT ge serkoloro ğŸ¤£ğŸ¤£,kimjong1513909
402,@gilabola_ina @TotalFootbol dia anti lgbt atau karena dia pemain pool ya min? soalnya emang merseyside tuh kental dengan anti kerajaan yg disimbolkan St George cross ini.,TheaRizkyyy
403,"@gilabola_ina @TotalFootbol Brand aja harus bayar untuk bisa naruh sesuatu di baju bola mereka. Lgbt bukan brand, kenapa harus dibela segitunya sama FA? Apa untungnya? Apakah ada orang yang mau bayar mahal untuk mesponsori lgbt? Awas aja ada yang bilang ulah CIA lagi ğŸ‘Š",Jakdot01
404,"Patut lah, geng lgbt dan feminist. Bodo tak berpenghujung, nyesal respon",ItsMeHazim
405,LGBT: Lelaki Garut Berusia Tujuh puluh,wiponk
406,"najis pegiat LGBT, tolong akunnya direport",wiyokoo
407,@s_afreen7 Aisa lagta hai ke  yeh sanghi Israel ke kehne se India me LGBT ka prachar kar rahe hain  Mitro.,AsgarAbbas8866
408,@gilabola_ina @TotalFootbol yah gblk pemaen bagus malah dukunh lgbt ya gabakal juara lah,Pjreex
409,"puak2 pro-palestine isley ni sedar tak wujudnya org palestine lgbt dan golongan lgbt &amp  minority seluruh dunia yg sedang berjuang untuk palestine atas sbb faham koncep power, bukan acah demi agama je",tnrnow0101
410,"Penyimpangan kejiwaan dan karakter seperti LGBT, bisa diakibatkan pergaulan bebas akibat jauh dari nilai agama, boleh jadi karena broken home, seolah kelainan, padahal pelarian.  Kadang ada wayang mengatakan LGBT itu seperti lepra dan aids  suatu kutukan bagi pendosa pemaksiat.",ncuhidorowoni
411,Lgbt demlik yerine hetero hudapar,komplocu_kurd
412,Masih untung belom 100%. Krn Allah msh kasih waktu taubat... Otak LGBT sama pendukung istana itu ga ada bedanya...,NuhaAja1
413,@BLLRCHMD @pedoqpop Bodo sial bangsa lgbt ni. Haha,MinOthman
414,@Loh_Rudy @atsarisursula @tanyakanrl Wkwkwkwkw lihat pelangi otomatis langsung LGBT yah? Ya ampun! Inilah knpa pentingnya belajar membaca rambu sejak dini ğŸ’€ https://t.co/upE6kTLJcG,onchoithi
415,@gilabola_ina @TotalFootbol kek jerman ntar malah loyo ngurusin lgbt,sebelomhujan
416,@akie_stark Takyah rilek bangsa lgbt ni kita patut pijak je,piejoule
417,"@Matahari_tmr Ntar korban jadi pelaku saat besar, trus mereka kampanyekan anti LGBT karena dilarang agama?",INSNadi
418,"CW / LGBT/ 18! aku cewe dan mantanku cewe juga kita baru putus sebulanan yang lalu trs dia skrg udah punya pacar laki tapi dia bilang dan nangis"" ke aku buat ga pergi dari dia bahkan kita masi chattan kaya dulu cuma beda di status aja. gimana cara lepasnya ya? aku juga  (cont..)""",18fesss
419,@beniizer Pp manga bien lgbt bien gayy,toniolav
420,@rohta_julian ğŸ‘ğŸ‘ğŸ‘ LGBT penyakit yg merusak regenerasi manusia.  Slava Russia... https://t.co/SkK2BASIWn,esti_upay
421,"@akishibee @bukanwibudesu terus kenapa harus bawa bawa di lantik ? and aku liat2 juga komenan nya pada setuju sama Tweet diatas, kalo memang konteksnya lgbt kenapa ga sebut saja kaya saya langsung gitu loh lgbt"" gausah bawa bawa dilantik juga kan bisa, lgsg tdp""",kaenchwan
422,"@tempodotco kaum lgbt rata rata otaknya miring, pemikirannya udah diluar batas normal manusia, emg pantes dihilangkan di muka bumi seperti israel dan semua teroris",Jinaka10
423,"VLADIMIR PUTIN ğŸ”¥ TEGASKANâ€¼ï¸ Jumat, 22 Maret 2024 ğŸ›‘  Bahwa Gerakan LGBTâ€¼ï¸ Masuk Daftar Hitam Sbg Organisasi Teroris &amp  Ekstremis di Rusia ğŸ‘ŠğŸ’¥  Good Job #Russia ğŸ‘  ___ Qodari NasDem Prabowo BUMN Bea Cukai Moscow Papua BSI Mobile Mossad Gempa Anies Makarov https://t.co/tap3dgXrJD",rohta_julian
424,@neohistoria_id @OliLondonTV Emang LGBT itu suka fitnah ternyata,TempeMenjes12
425,@mitalovie Ayo gacha mit siapa kam kena dpt lampu lgbt,Tangerineboi1
426,@Just_dhee1203 harus klu perlu antar LGBT hrs bunuh 2an sampai habisğŸ¤£ğŸ˜†,alda_ra12
427,@karmsdesu List kan je kalau ade bg scene sekali kalau ade. Orang sentuh LGBT kau punya mengelitat kemain.,HabibKun4
428,"apalagi orang yang kau suka itu sekarang sedang membantu mempromosikan, mendorong,membantu kesetaraan pernikahan LGBT di thailand sana ğŸ—¿ jangan misalkan mereka heteroseks kalian merasa itu kemenangan buat kalianğŸ¤¡ preferensi seksual itu nggak bisa dipaksakan dan KALAU memang",niky__23
429,@96mitchclarke Lgbt vermin,BlakeMatte76886
430,"mereka be like :  kita lebih senang freenbecky sama cowok atau menikah sama cowok""  PD amat mewakili pemikiran orang lain dengan klaim kayak gitu ğŸ—¿ padahal LOVE HAS NO GENDER.pola pikir heteronormatif nggak usah dibawa bawa ke artis representasi LGBT karena jujur AKU MUAK ğŸ—¿""",niky__23
431,@DeviRat41279 Dijual brp foto gituang ? Ke lgbt ?,Its_me_aditt
432,Jalannya lgbt bjil,SFT01KWINTER
433,@Lukewearechange LGBT,TelemaqueAlpha
434,@p7_angelo @SadateMunyakazi Kuganirizwa ni ngombwa kuko LGBT igizwe n'ibyiciro byinshi . Harimo abaganirizwa bakabivamo. Abatsimbaraye bakarwanywa,birashoboka7
435,Manager lgbt bodoh,_not_yourbaby_
436,@AbdulWa82444032 @PaijoKhentir Piye jal lgbt akeh nok eropa amerika tapi kok aman'' ae jarang longsor gempa banjir tsunami,jee_creepers
437,"Dr makluk2 LGBT bangsat macam oli london ini Islam disebarkan,  Gambaran mengerikan, barbar, antikristus terus menerus diblow up dan seolah menjadi sebuah kebenaran.  Faktanya ada keuntungan sedikitpun dr propaganda ini, jutru sebaliknya,   Bodohnya akun2 lokal menirunya.",dot_id_
438,"@RandomWorldWar jangkrik emang terorist pake embel embel agama tailah, russia support muslim , larang lgbt malah diserang kan tai tolol nih teroris",winyxzv
439,@SoftWarNews LGBT = Depopulasi = Teroris setuju !!! ğŸ”¥ğŸ”¥,alterilust
440,"@kaenchwan @bukanwibudesu aduhh bukan gitu maksudnya, gimana ya jelasinnyağŸ˜­ğŸ™ kamu bilang kan bencana gda hubungannya sama politik kan ya? nah itu tuh sama kayak bencana yg gda hubungannya sm lgbt. dulu kan sering bgt tuh org2 nyangkutin lgbt sm bencana. nah kurleb begitu konteks tweet awal, myb.",akishibee
441,@mariio_val LGBT lelaki gemar beribadah tahajud,junedhidtler
442,@abdul_tweets03 @ThePossimpibleG Main madad karta hun bro ğŸ¤¡ Lgbt ke flag ke aage kela ğŸŒ rakhdo...aadhi LGBT community offend ho jayegi ğŸ¤¡ğŸ’€,Slipped_In_Time
443,@minlixT__T @sagATEarius @WidasSatyo @krasivaluna suka lucu aja gtu sama org2 yg dlu suka nyalahin lgbt atas terjadinya bencana alam terus suka langsung nyalahin orang yang kena musibah dengan alasan kena azab  skrg giliran bencana alam dikaitin sama kemenangan satu capres kalian marah? atleast keep the same energy IJBOL,ngnttttt0777
444,@ajfemboi_ lgbt,nicohaiii
445,"@cii_MS @SoftWarNews Yaa klo ngikut kek rusia sjwÂ² ham yg jadi penghambat, urusan di papua aja kaga kelar krn nih sjwÂ²  aplgi urusan lgbt",dionwiyoko56
446,@Farughbulsara @Adhy83208097 @RandomWorldWar bbrpa thn lalu di amerika pelaku seorang LGBT ngebrondong sekolah kristen yg mana dia alumni sekolah itu,RFahmyYahya
447,@ruang_cerita99 Wkwk pokoknya bagi mereka hierarki dosa yang paling tinggi adalah LGBT ğŸ¤£ sama paling makan babi,bocahkartoffel
448,@SoftWarNews Indonesia kapan nih?!!.... Indonesia juga bisa lgbt itu manusia sakit dan tidak waras... Melebihi binatang...,azjhon7779
449,@SoftWarNews Gw pengen Presiden RI bersikap kayak gini ke LGBT,kamaloeby
450,Game sickğŸ–• Gila aja game lgbt begini buat umur 4 tahun https://t.co/Fee3JmHkUj,yeyebang
451,@hammingbirdfly @msaid_didu Serangan dari islamphobia dan kaum LGBT sangat massive terhadap PKS.,AlianisBgd
452,@SoftWarNews Kemungkinan itu Ukraina &amp  CIA secara russia baru netapin kalau islamphobia &amp  lgbt itu sebuah kejahatan,nddyyy13
453,@akishibee @bukanwibudesu ga ngerti apa hubungan lgbt sama di lantik,kaenchwan
454,"@Wint3r_Solstice @PatheNeuro Ka kalau novel bertema lgbt local, dari dulu aku sma juga udah ada (aku punya beberapa) cuma ga masive gitu, tapi kalau untuk inter/terjemahan aku kurang paham ka",DhullReo
455,"Ada bencana bukannya berempati tapi malah nyalahÂ²in orang yg ga sepemikiran sama dia. Di bilang azab lah ini lah itu lah. Please introspeksi diri masingÂ² aja. Buka mata banyak maksiat, zina di jalanÂ², lgbt di biarkan bahkan di tiktok malah menjadi-jadi, fitnah, saling makiÂ²",AllriseHyolatte
456,@Just_dhee1203 Mati saja LGBT biar di azab di Liang kubur....,Faisal97598880
457,"iya iya, kalo ada bencana alam trus si ndut dijadiin jokes sebagai penyebabnya gak boleh yaaa, karena ini semua gara-gara lgbt, gitu kan yg boleh???",tauapasysoal
458,"Karna lgbt tuh nular bro jd emg harus di beginiin. Gausa minta di manusiakan, kalo lu nya sndiri aja belum menghargai fitrah diri lu sndiri.",brizzhee
459,"@cii_MS @SoftWarNews ini bukan soal.muslim, karena dalam agama apapun LGBT itu haram hukum nya goblok",RifqiRamadhanP
460,LGBT,angierothar71
461,@Just_dhee1203 Saya bacanya: 100% kaum LGBT mengalami KEDUNGUAN AKUT PERKUTUT KALANG KABUT,PrakarsaWin
462,@crackity_04 @karmsdesu Kau nak padam benda yg tak elok gantikan dgn benda yg lagi tak elok?   Tapi aku setuju juga buat LGBT program ni. Tunjuk sekali fakta yg golongan LGBT adalah penghidap HIV tertinggi. Lepas tu tunjuk juga yg luar sana ramai gay yg sebenarnya pedophile. Yg ni aku setuju,AntiWoke176
463,"@Adhy83208097 @RandomWorldWar Hanya karena menururmu dalangnya US jadi dikatikan sama LGBT? Wkwk rada rada, dari semua alasan tbtb LGBT. Padahal gk semua warga US mendukung LGBT apalagi golongan konservatif.",Burung_pelajar
464,"â€˜Khunsaâ€™ dituduh normalisasi budaya LGBT, Shahrulezad minta netizen hujah secara sihat.   #mstar240323  https://t.co/seRFOjfm8N",mstaronline
465,@janz1829 @tempodotco Kayaknya agama manapun nggak ada yg setuju dgn LGBT. Apalagi emang Rusia kan Ortodoks.,Evermore_q
466,@Le_Figaro LGBT+ !  ğŸ¤£,WilliamHarison2
467,@CarloCalenda Che LGBT Q+GSTIJD-KKA la prendesseroin c...,Hulk764
468,Weruh lgbt langsung uncali granat,AlvianAresta
469,"mak gw crita ttg ank tmnnya di kampung yg ketauan ngw di kebun kelapa (cwo sm cwo) and proceed to say km kl pnya tmn hati hati, skrg lg marak lgbt lgbt gitu""  mom.. i have a baaaaaaaaaad news""",kentoswifey
470,@thesharktattooo tak suka? tak yah beli. orang lain nak makan ko yang sibuk. dasar lgbt bangang,pa11ie
471,"@18fesss tanya aja nder baik2, obrolin duluu dan kalimatnya jgn memojokkan atau menekan. mungkin bisa tanya pendapat dia ttg LGBT dulu, abis itu baru tanya lebih dalam. semoga yg terbaik buat kalian yaa",bobyeochin
472,@NCocinelle @Chris1Premier @michaelLaine90 @Livrenoirmedia LGBT. https://t.co/dVl6Aeovb3,carmouille28647
473,@SoftWarNews Donald trum juga menolak LGBT dan dia menyatakan bahwa hanya ada 2 gendre di amerika yaitu male or female,deakkai08689
474,@sultan_Twitz LGBT ğŸ¤¦ğŸ»â€â™€ï¸,Vis1976al
475,@Just_dhee1203 Lgbt itu kaum laknat gak ada tempat di bumi ini,sastro1000
476,@SoftWarNews BUNUH LGBT ANJING ITU DIMANA PUN BERADA,AMFTervaf
477,"@Just_dhee1203 Kalo perlu LGBT ini di musnahkan, Krn ini biang kehancuran bagi kehidupan manusia di bumi, yg sejatinya hidup berpasangan",MayuAlbi7554
478,@m1yuzhie foto selfie gae tulisann saya menolak lgbt,berjalankekiri
479,@Just_dhee1203 Semoga semua LGBT mendapat kekerasan agar kembali sadar bahwa perilakunya salah,ali334747
480,"Tai, apa2 disangkutin ke lgbt. Cocoklogi sampah.",CloudsDans
481,lgbt : lelaki gabut berusia tujuh puluh cewe tobrut : cewe tokyo berdomisili garut  sipğŸ˜­,mariio_val
482,@moviemenfes Emg film disney yg ada unsur lgbt tuh sekarang apa ya?,sentaidude
483,"@mx00711 @Tita83079013 @agama_nusantara @BayuAngora @spektrumku @Valhallaah @PaijoKhentir @iam_zelt @helenr1903 @debbieflavi @Jelantik5 @Kappa_2023 @bnsphrxyzzz @RefublikAteis @Anatta_21 Ada bnrnya ayat ini kalo pakai ilmu fikih COCOKOLOGI dan MAKSIATOLOGI...contohnya sumbar, pan LGBT nya paling tinggi se Indonesia,makanya doyan banget gempa berkunjung ke sana.ğŸ˜«",sakkusaitna
484,"ibarat kau pergi pasar malam cina dia jual babi , kau marah dia kenapa tk guna kuali lain masak , dh la dgn bio lgbt eh blah jap",pianxtalib
485,"@mx00711 @sakkusaitna @Tita83079013 @agama_nusantara @BayuAngora @spektrumku @Valhallaah @PaijoKhentir @iam_zelt @helenr1903 @debbieflavi @Jelantik5 @Kappa_2023 @bnsphrxyzzz @RefublikAteis @Anatta_21 Makin dahsyat bencananya, makin banyak lgbt nya.",anfangerxyz
486,@SoftWarNews Lgbt itu seperti wabah penyakit inginnya menyebarkan.... Na'udzubillahi min dzalik,Helium1202
487,@histaemin ah bisa aja akal2an editor menghalangi rencana lgbt sensei,masodynamite
488,Hapana ğŸ˜‚ğŸ˜‚ğŸ˜‚ wa LGBT ni alasiri motors,RealEdwin_99
489,"@ruang_cerita99 Tapi kan konteks jaga jarak yang dia maksud itu di Aceh ga sih? Dan dosa gay sex emang lebih besar dari zina biasa, jadi masih masuk akal kalau dia double standard"" gitu. Banyak juga perbedaan festival LGBT dengan clubbing. Dosa terangÂ²an lebih besar dari dosa sembunyiÂ²-""",Alteristeid
490,"@bantalguling25_ @tanyakanrl Ini mah orang yang dulu viral karena ngaku Tobat Jadi LGBT, ternyata masih sama aja ğŸ¤£",Liansahlian
491,@lilaccountz Cuma perilaku menyimpang LGBT yg boleh pamer bahkan kampanye ke mana2  Kalau baca Qur'an gak boleh pamer  Gitu,ilatireng
492,"@mbembe72195 Iya juga ya, pokoknya kalau gempa juga salah lgbtğŸ˜",naoyatism
493,@tempodotco @TerongU72356816 Negeriku well come LGBT krn pejabatnya smua suka main belakang,baiki95
494,"@geeky_boo @moviemenfes Sebenernya karna di luar negeri lgbt udah lumrah, mungkin ada beberapa anak yg emang suka sejenis kak, tapi case-nya mungkin mencontoh, bukan karna dia 'berbeda' sejak lahir. Makanya itu, anak kecil belum disuguhi unsur lgbt karna masih polos.",oliiverrsky
495,"@PaijoKhentir LGBT  longsor, gempa, banjir dan tsunami karena.... silakan introspeksi https://t.co/epYhD3fRsB",AbdulWa82444032
496,@BLLRCHMD Bye bangga jadi lgbt,daniedaniellll
497,mcm tiber sgt bawah tu the main point is not abt lgbt pun tp sibuk nak kaitkan jugak ğŸ˜,jayongbok
498,"@xwitter__com @Matahari_tmr Sering koq. Akun ateis, Islamophobia, lgbt.",kakilangitimur
499,@tempodotco Bantai lgbt om putin Bawa penyakit si kaum laknat,achmadii93
500,Tak boleh makan takyah beli. Buat teruk la si pajeet lgbt gila ni bulan2 puasa mengundang maki,bukanchipmunk
501,"Rusia Buat Kelompok LGBT Ketar-Ketir, Putin Keluarkan Undang-Undang Ini https://t.co/Zc07CZpEvl",democrazymedia
